{"cameraMode":{"drawMode":0,"name":"Shaded","section":"Shading Mode"},"sceneLighting":false,"audioPlay":false,"sceneViewState":{"m_AlwaysRefresh":false,"showFog":true,"showSkybox":false,"showFlares":true,"showImageEffects":true,"showParticleSystems":true,"showVisualEffectGraphs":true,"m_FxEnabled":true},"in2DMode":false,"pivot":{"x":-5.960464477539063e-8,"y":0.20198917388916017,"z":1.1920928955078126e-7},"rotation":{"x":0.017686881124973298,"y":-0.017399024218320848,"z":-0.0003090184472966939,"w":-0.9996941685676575},"size":1.0852917432785035,"orthographic":false}